match_id,competition_id,season_id,round,match_date,home_team_id,away_team_id,home_goals,away_goals
2018-08-10-manchester-united-leicester-city,premier-league,2018-19,1,2018-08-10,manchester-united,leicester-city,2,1
2018-08-11-newcastle-united-tottenham-hotspur,premier-league,2018-19,1,2018-08-11,newcastle-united,tottenham-hotspur,1,2
2018-08-11-fulham-crystal-palace,premier-league,2018-19,1,2018-08-11,fulham,crystal-palace,0,2
2018-08-11-huddersfield-town-chelsea,premier-league,2018-19,1,2018-08-11,huddersfield-town,chelsea,0,3
2018-08-11-watford-brighton-and-hove-albion,premier-league,2018-19,1,2018-08-11,watford,brighton-and-hove-albion,2,0
2018-08-11-bournemouth-cardiff-city,premier-league,2018-19,1,2018-08-11,bournemouth,cardiff-city,2,0
2018-08-11-wolverhampton-wanderers-everton,premier-league,2018-19,1,2018-08-11,wolverhampton-wanderers,everton,2,2
2018-08-12-liverpool-west-ham-united,premier-league,2018-19,1,2018-08-12,liverpool,west-ham-united,4,0
2018-08-12-southampton-burnley,premier-league,2018-19,1,2018-08-12,southampton,burnley,0,0
2018-08-12-arsenal-manchester-city,premier-league,2018-19,1,2018-08-12,arsenal,manchester-city,0,2
2018-08-18-cardiff-city-newcastle-united,premier-league,2018-19,2,2018-08-18,cardiff-city,newcastle-united,0,0
2018-08-18-tottenham-hotspur-fulham,premier-league,2018-19,2,2018-08-18,tottenham-hotspur,fulham,3,1
2018-08-18-everton-southampton,premier-league,2018-19,2,2018-08-18,everton,southampton,2,1
2018-08-18-leicester-city-wolverhampton-wanderers,premier-league,2018-19,2,2018-08-18,leicester-city,wolverhampton-wanderers,2,0
2018-08-18-west-ham-united-bournemouth,premier-league,2018-19,2,2018-08-18,west-ham-united,bournemouth,1,2
2018-08-18-chelsea-arsenal,premier-league,2018-19,2,2018-08-18,chelsea,arsenal,3,2
2018-08-19-manchester-city-huddersfield-town,premier-league,2018-19,2,2018-08-19,manchester-city,huddersfield-town,6,1
2018-08-19-burnley-watford,premier-league,2018-19,2,2018-08-19,burnley,watford,1,3
2018-08-19-brighton-and-hove-albion-manchester-united,premier-league,2018-19,2,2018-08-19,brighton-and-hove-albion,manchester-united,3,2
2018-08-20-crystal-palace-liverpool,premier-league,2018-19,2,2018-08-20,crystal-palace,liverpool,0,2
2018-08-25-wolverhampton-wanderers-manchester-city,premier-league,2018-19,3,2018-08-25,wolverhampton-wanderers,manchester-city,1,1
2018-08-25-arsenal-west-ham-united,premier-league,2018-19,3,2018-08-25,arsenal,west-ham-united,3,1
2018-08-25-huddersfield-town-cardiff-city,premier-league,2018-19,3,2018-08-25,huddersfield-town,cardiff-city,0,0
2018-08-25-southampton-leicester-city,premier-league,2018-19,3,2018-08-25,southampton,leicester-city,1,2
2018-08-25-bournemouth-everton,premier-league,2018-19,3,2018-08-25,bournemouth,everton,2,2
2018-08-25-liverpool-brighton-and-hove-albion,premier-league,2018-19,3,2018-08-25,liverpool,brighton-and-hove-albion,1,0
2018-08-26-watford-crystal-palace,premier-league,2018-19,3,2018-08-26,watford,crystal-palace,2,1
2018-08-26-fulham-burnley,premier-league,2018-19,3,2018-08-26,fulham,burnley,4,2
2018-08-26-newcastle-united-chelsea,premier-league,2018-19,3,2018-08-26,newcastle-united,chelsea,1,2
2018-08-27-manchester-united-tottenham-hotspur,premier-league,2018-19,3,2018-08-27,manchester-united,tottenham-hotspur,0,3
2018-09-01-leicester-city-liverpool,premier-league,2018-19,4,2018-09-01,leicester-city,liverpool,1,2
2018-09-01-chelsea-bournemouth,premier-league,2018-19,4,2018-09-01,chelsea,bournemouth,2,0
2018-09-01-everton-huddersfield-town,premier-league,2018-19,4,2018-09-01,everton,huddersfield-town,1,1
2018-09-01-west-ham-united-wolverhampton-wanderers,premier-league,2018-19,4,2018-09-01,west-ham-united,wolverhampton-wanderers,0,1
2018-09-01-crystal-palace-southampton,premier-league,2018-19,4,2018-09-01,crystal-palace,southampton,0,2
2018-09-01-brighton-and-hove-albion-fulham,premier-league,2018-19,4,2018-09-01,brighton-and-hove-albion,fulham,2,2
2018-09-01-manchester-city-newcastle-united,premier-league,2018-19,4,2018-09-01,manchester-city,newcastle-united,2,1
2018-09-02-cardiff-city-arsenal,premier-league,2018-19,4,2018-09-02,cardiff-city,arsenal,2,3
2018-09-02-burnley-manchester-united,premier-league,2018-19,4,2018-09-02,burnley,manchester-united,0,2
2018-09-02-watford-tottenham-hotspur,premier-league,2018-19,4,2018-09-02,watford,tottenham-hotspur,2,1
2018-09-15-tottenham-hotspur-liverpool,premier-league,2018-19,5,2018-09-15,tottenham-hotspur,liverpool,1,2
2018-09-15-manchester-city-fulham,premier-league,2018-19,5,2018-09-15,manchester-city,fulham,3,0
2018-09-15-newcastle-united-arsenal,premier-league,2018-19,5,2018-09-15,newcastle-united,arsenal,1,2
2018-09-15-chelsea-cardiff-city,premier-league,2018-19,5,2018-09-15,chelsea,cardiff-city,4,1
2018-09-15-huddersfield-town-crystal-palace,premier-league,2018-19,5,2018-09-15,huddersfield-town,crystal-palace,0,1
2018-09-15-bournemouth-leicester-city,premier-league,2018-19,5,2018-09-15,bournemouth,leicester-city,4,2
2018-09-15-watford-manchester-united,premier-league,2018-19,5,2018-09-15,watford,manchester-united,1,2
2018-09-16-wolverhampton-wanderers-burnley,premier-league,2018-19,5,2018-09-16,wolverhampton-wanderers,burnley,1,0
2018-09-16-everton-west-ham-united,premier-league,2018-19,5,2018-09-16,everton,west-ham-united,1,3
2018-09-17-southampton-brighton-and-hove-albion,premier-league,2018-19,5,2018-09-17,southampton,brighton-and-hove-albion,2,2
2018-09-22-fulham-watford,premier-league,2018-19,6,2018-09-22,fulham,watford,1,1
2018-09-22-liverpool-southampton,premier-league,2018-19,6,2018-09-22,liverpool,southampton,3,0
2018-09-22-manchester-united-wolverhampton-wanderers,premier-league,2018-19,6,2018-09-22,manchester-united,wolverhampton-wanderers,1,1
2018-09-22-leicester-city-huddersfield-town,premier-league,2018-19,6,2018-09-22,leicester-city,huddersfield-town,3,1
2018-09-22-burnley-bournemouth,premier-league,2018-19,6,2018-09-22,burnley,bournemouth,4,0
2018-09-22-cardiff-city-manchester-city,premier-league,2018-19,6,2018-09-22,cardiff-city,manchester-city,0,5
2018-09-22-crystal-palace-newcastle-united,premier-league,2018-19,6,2018-09-22,crystal-palace,newcastle-united,0,0
2018-09-22-brighton-and-hove-albion-tottenham-hotspur,premier-league,2018-19,6,2018-09-22,brighton-and-hove-albion,tottenham-hotspur,1,2
2018-09-23-west-ham-united-chelsea,premier-league,2018-19,6,2018-09-23,west-ham-united,chelsea,0,0
2018-09-23-arsenal-everton,premier-league,2018-19,6,2018-09-23,arsenal,everton,2,0
2018-09-29-west-ham-united-manchester-united,premier-league,2018-19,7,2018-09-29,west-ham-united,manchester-united,3,1
2018-09-29-wolverhampton-wanderers-southampton,premier-league,2018-19,7,2018-09-29,wolverhampton-wanderers,southampton,2,0
2018-09-29-manchester-city-brighton-and-hove-albion,premier-league,2018-19,7,2018-09-29,manchester-city,brighton-and-hove-albion,2,0
2018-09-29-newcastle-united-leicester-city,premier-league,2018-19,7,2018-09-29,newcastle-united,leicester-city,0,2
2018-09-29-arsenal-watford,premier-league,2018-19,7,2018-09-29,arsenal,watford,2,0
2018-09-29-everton-fulham,premier-league,2018-19,7,2018-09-29,everton,fulham,3,0
2018-09-29-huddersfield-town-tottenham-hotspur,premier-league,2018-19,7,2018-09-29,huddersfield-town,tottenham-hotspur,0,2
2018-09-29-chelsea-liverpool,premier-league,2018-19,7,2018-09-29,chelsea,liverpool,1,1
2018-09-30-cardiff-city-burnley,premier-league,2018-19,7,2018-09-30,cardiff-city,burnley,1,2
2018-10-01-bournemouth-crystal-palace,premier-league,2018-19,7,2018-10-01,bournemouth,crystal-palace,2,1
2018-10-05-brighton-and-hove-albion-west-ham-united,premier-league,2018-19,8,2018-10-05,brighton-and-hove-albion,west-ham-united,1,0
2018-10-06-tottenham-hotspur-cardiff-city,premier-league,2018-19,8,2018-10-06,tottenham-hotspur,cardiff-city,1,0
2018-10-06-leicester-city-everton,premier-league,2018-19,8,2018-10-06,leicester-city,everton,1,2
2018-10-06-burnley-huddersfield-town,premier-league,2018-19,8,2018-10-06,burnley,huddersfield-town,1,1
2018-10-06-crystal-palace-wolverhampton-wanderers,premier-league,2018-19,8,2018-10-06,crystal-palace,wolverhampton-wanderers,0,1
2018-10-06-watford-bournemouth,premier-league,2018-19,8,2018-10-06,watford,bournemouth,0,4
2018-10-06-manchester-united-newcastle-united,premier-league,2018-19,8,2018-10-06,manchester-united,newcastle-united,3,2
2018-10-07-fulham-arsenal,premier-league,2018-19,8,2018-10-07,fulham,arsenal,1,5
2018-10-07-southampton-chelsea,premier-league,2018-19,8,2018-10-07,southampton,chelsea,0,3
2018-10-07-liverpool-manchester-city,premier-league,2018-19,8,2018-10-07,liverpool,manchester-city,0,0
2018-10-20-chelsea-manchester-united,premier-league,2018-19,9,2018-10-20,chelsea,manchester-united,2,2
2018-10-20-wolverhampton-wanderers-watford,premier-league,2018-19,9,2018-10-20,wolverhampton-wanderers,watford,0,2
2018-10-20-manchester-city-burnley,premier-league,2018-19,9,2018-10-20,manchester-city,burnley,5,0
2018-10-20-newcastle-united-brighton-and-hove-albion,premier-league,2018-19,9,2018-10-20,newcastle-united,brighton-and-hove-albion,0,1
2018-10-20-cardiff-city-fulham,premier-league,2018-19,9,2018-10-20,cardiff-city,fulham,4,2
2018-10-20-west-ham-united-tottenham-hotspur,premier-league,2018-19,9,2018-10-20,west-ham-united,tottenham-hotspur,0,1
2018-10-20-bournemouth-southampton,premier-league,2018-19,9,2018-10-20,bournemouth,southampton,0,0
2018-10-20-huddersfield-town-liverpool,premier-league,2018-19,9,2018-10-20,huddersfield-town,liverpool,0,1
2018-10-21-everton-crystal-palace,premier-league,2018-19,9,2018-10-21,everton,crystal-palace,2,0
2018-10-22-arsenal-leicester-city,premier-league,2018-19,9,2018-10-22,arsenal,leicester-city,3,1
2018-10-27-fulham-bournemouth,premier-league,2018-19,10,2018-10-27,fulham,bournemouth,0,3
2018-10-27-liverpool-cardiff-city,premier-league,2018-19,10,2018-10-27,liverpool,cardiff-city,4,1
2018-10-27-southampton-newcastle-united,premier-league,2018-19,10,2018-10-27,southampton,newcastle-united,0,0
2018-10-27-brighton-and-hove-albion-wolverhampton-wanderers,premier-league,2018-19,10,2018-10-27,brighton-and-hove-albion,wolverhampton-wanderers,1,0
2018-10-27-watford-huddersfield-town,premier-league,2018-19,10,2018-10-27,watford,huddersfield-town,3,0
2018-10-27-leicester-city-west-ham-united,premier-league,2018-19,10,2018-10-27,leicester-city,west-ham-united,1,1
2018-10-28-burnley-chelsea,premier-league,2018-19,10,2018-10-28,burnley,chelsea,0,4
2018-10-28-crystal-palace-arsenal,premier-league,2018-19,10,2018-10-28,crystal-palace,arsenal,2,2
2018-10-28-manchester-united-everton,premier-league,2018-19,10,2018-10-28,manchester-united,everton,2,1
2018-10-29-tottenham-hotspur-manchester-city,premier-league,2018-19,10,2018-10-29,tottenham-hotspur,manchester-city,0,1
2018-11-03-bournemouth-manchester-united,premier-league,2018-19,11,2018-11-03,bournemouth,manchester-united,1,2
2018-11-03-newcastle-united-watford,premier-league,2018-19,11,2018-11-03,newcastle-united,watford,1,0
2018-11-03-everton-brighton-and-hove-albion,premier-league,2018-19,11,2018-11-03,everton,brighton-and-hove-albion,3,1
2018-11-03-cardiff-city-leicester-city,premier-league,2018-19,11,2018-11-03,cardiff-city,leicester-city,0,1
2018-11-03-west-ham-united-burnley,premier-league,2018-19,11,2018-11-03,west-ham-united,burnley,4,2
2018-11-03-arsenal-liverpool,premier-league,2018-19,11,2018-11-03,arsenal,liverpool,1,1
2018-11-03-wolverhampton-wanderers-tottenham-hotspur,premier-league,2018-19,11,2018-11-03,wolverhampton-wanderers,tottenham-hotspur,2,3
2018-11-04-manchester-city-southampton,premier-league,2018-19,11,2018-11-04,manchester-city,southampton,6,1
2018-11-04-chelsea-crystal-palace,premier-league,2018-19,11,2018-11-04,chelsea,crystal-palace,3,1
2018-11-05-huddersfield-town-fulham,premier-league,2018-19,11,2018-11-05,huddersfield-town,fulham,1,0
2018-11-10-cardiff-city-brighton-and-hove-albion,premier-league,2018-19,12,2018-11-10,cardiff-city,brighton-and-hove-albion,2,1
2018-11-10-newcastle-united-bournemouth,premier-league,2018-19,12,2018-11-10,newcastle-united,bournemouth,2,1
2018-11-10-leicester-city-burnley,premier-league,2018-19,12,2018-11-10,leicester-city,burnley,0,0
2018-11-10-huddersfield-town-west-ham-united,premier-league,2018-19,12,2018-11-10,huddersfield-town,west-ham-united,1,1
2018-11-10-southampton-watford,premier-league,2018-19,12,2018-11-10,southampton,watford,1,1
2018-11-10-crystal-palace-tottenham-hotspur,premier-league,2018-19,12,2018-11-10,crystal-palace,tottenham-hotspur,0,1
2018-11-11-liverpool-fulham,premier-league,2018-19,12,2018-11-11,liverpool,fulham,2,0
2018-11-11-chelsea-everton,premier-league,2018-19,12,2018-11-11,chelsea,everton,0,0
2018-11-11-manchester-city-manchester-united,premier-league,2018-19,12,2018-11-11,manchester-city,manchester-united,3,1
2018-11-11-arsenal-wolverhampton-wanderers,premier-league,2018-19,12,2018-11-11,arsenal,wolverhampton-wanderers,1,1
2018-11-24-fulham-southampton,premier-league,2018-19,13,2018-11-24,fulham,southampton,3,2
2018-11-24-everton-cardiff-city,premier-league,2018-19,13,2018-11-24,everton,cardiff-city,1,0
2018-11-24-manchester-united-crystal-palace,premier-league,2018-19,13,2018-11-24,manchester-united,crystal-palace,0,0
2018-11-24-west-ham-united-manchester-city,premier-league,2018-19,13,2018-11-24,west-ham-united,manchester-city,0,4
2018-11-24-brighton-and-hove-albion-leicester-city,premier-league,2018-19,13,2018-11-24,brighton-and-hove-albion,leicester-city,1,1
2018-11-24-watford-liverpool,premier-league,2018-19,13,2018-11-24,watford,liverpool,0,3
2018-11-24-tottenham-hotspur-chelsea,premier-league,2018-19,13,2018-11-24,tottenham-hotspur,chelsea,3,1
2018-11-25-bournemouth-arsenal,premier-league,2018-19,13,2018-11-25,bournemouth,arsenal,1,2
2018-11-25-wolverhampton-wanderers-huddersfield-town,premier-league,2018-19,13,2018-11-25,wolverhampton-wanderers,huddersfield-town,0,2
2018-11-26-burnley-newcastle-united,premier-league,2018-19,13,2018-11-26,burnley,newcastle-united,1,2
2018-11-30-cardiff-city-wolverhampton-wanderers,premier-league,2018-19,14,2018-11-30,cardiff-city,wolverhampton-wanderers,2,1
2018-12-01-manchester-city-bournemouth,premier-league,2018-19,14,2018-12-01,manchester-city,bournemouth,3,1
2018-12-01-newcastle-united-west-ham-united,premier-league,2018-19,14,2018-12-01,newcastle-united,west-ham-united,0,3
2018-12-01-leicester-city-watford,premier-league,2018-19,14,2018-12-01,leicester-city,watford,2,0
2018-12-01-huddersfield-town-brighton-and-hove-albion,premier-league,2018-19,14,2018-12-01,huddersfield-town,brighton-and-hove-albion,1,2
2018-12-01-crystal-palace-burnley,premier-league,2018-19,14,2018-12-01,crystal-palace,burnley,2,0
2018-12-01-southampton-manchester-united,premier-league,2018-19,14,2018-12-01,southampton,manchester-united,2,2
2018-12-02-chelsea-fulham,premier-league,2018-19,14,2018-12-02,chelsea,fulham,2,0
2018-12-02-arsenal-tottenham-hotspur,premier-league,2018-19,14,2018-12-02,arsenal,tottenham-hotspur,4,2
2018-12-02-liverpool-everton,premier-league,2018-19,14,2018-12-02,liverpool,everton,1,0
2018-12-04-west-ham-united-cardiff-city,premier-league,2018-19,15,2018-12-04,west-ham-united,cardiff-city,3,1
2018-12-04-brighton-and-hove-albion-crystal-palace,premier-league,2018-19,15,2018-12-04,brighton-and-hove-albion,crystal-palace,3,1
2018-12-04-bournemouth-huddersfield-town,premier-league,2018-19,15,2018-12-04,bournemouth,huddersfield-town,2,1
2018-12-04-watford-manchester-city,premier-league,2018-19,15,2018-12-04,watford,manchester-city,1,2
2018-12-05-wolverhampton-wanderers-chelsea,premier-league,2018-19,15,2018-12-05,wolverhampton-wanderers,chelsea,2,1
2018-12-05-fulham-leicester-city,premier-league,2018-19,15,2018-12-05,fulham,leicester-city,1,1
2018-12-05-burnley-liverpool,premier-league,2018-19,15,2018-12-05,burnley,liverpool,1,3
2018-12-05-everton-newcastle-united,premier-league,2018-19,15,2018-12-05,everton,newcastle-united,1,1
2018-12-05-manchester-united-arsenal,premier-league,2018-19,15,2018-12-05,manchester-united,arsenal,2,2
2018-12-05-tottenham-hotspur-southampton,premier-league,2018-19,15,2018-12-05,tottenham-hotspur,southampton,3,1
2018-12-08-bournemouth-liverpool,premier-league,2018-19,16,2018-12-08,bournemouth,liverpool,0,4
2018-12-08-arsenal-huddersfield-town,premier-league,2018-19,16,2018-12-08,arsenal,huddersfield-town,1,0
2018-12-08-manchester-united-fulham,premier-league,2018-19,16,2018-12-08,manchester-united,fulham,4,1
2018-12-08-burnley-brighton-and-hove-albion,premier-league,2018-19,16,2018-12-08,burnley,brighton-and-hove-albion,1,0
2018-12-08-cardiff-city-southampton,premier-league,2018-19,16,2018-12-08,cardiff-city,southampton,1,0
2018-12-08-west-ham-united-crystal-palace,premier-league,2018-19,16,2018-12-08,west-ham-united,crystal-palace,3,2
2018-12-08-chelsea-manchester-city,premier-league,2018-19,16,2018-12-08,chelsea,manchester-city,2,0
2018-12-08-leicester-city-tottenham-hotspur,premier-league,2018-19,16,2018-12-08,leicester-city,tottenham-hotspur,0,2
2018-12-09-newcastle-united-wolverhampton-wanderers,premier-league,2018-19,16,2018-12-09,newcastle-united,wolverhampton-wanderers,1,2
2018-12-10-everton-watford,premier-league,2018-19,16,2018-12-10,everton,watford,2,2
2018-12-15-manchester-city-everton,premier-league,2018-19,17,2018-12-15,manchester-city,everton,3,1
2018-12-15-wolverhampton-wanderers-bournemouth,premier-league,2018-19,17,2018-12-15,wolverhampton-wanderers,bournemouth,2,0
2018-12-15-tottenham-hotspur-burnley,premier-league,2018-19,17,2018-12-15,tottenham-hotspur,burnley,1,0
2018-12-15-huddersfield-town-newcastle-united,premier-league,2018-19,17,2018-12-15,huddersfield-town,newcastle-united,0,1
2018-12-15-crystal-palace-leicester-city,premier-league,2018-19,17,2018-12-15,crystal-palace,leicester-city,1,0
2018-12-15-watford-cardiff-city,premier-league,2018-19,17,2018-12-15,watford,cardiff-city,3,2
2018-12-15-fulham-west-ham-united,premier-league,2018-19,17,2018-12-15,fulham,west-ham-united,0,2
2018-12-16-southampton-arsenal,premier-league,2018-19,17,2018-12-16,southampton,arsenal,3,2
2018-12-16-brighton-and-hove-albion-chelsea,premier-league,2018-19,17,2018-12-16,brighton-and-hove-albion,chelsea,1,2
2018-12-16-liverpool-manchester-united,premier-league,2018-19,17,2018-12-16,liverpool,manchester-united,3,1
2018-12-21-wolverhampton-wanderers-liverpool,premier-league,2018-19,18,2018-12-21,wolverhampton-wanderers,liverpool,0,2
2018-12-22-arsenal-burnley,premier-league,2018-19,18,2018-12-22,arsenal,burnley,3,1
2018-12-22-manchester-city-crystal-palace,premier-league,2018-19,18,2018-12-22,manchester-city,crystal-palace,2,3
2018-12-22-newcastle-united-fulham,premier-league,2018-19,18,2018-12-22,newcastle-united,fulham,0,0
2018-12-22-chelsea-leicester-city,premier-league,2018-19,18,2018-12-22,chelsea,leicester-city,0,1
2018-12-22-huddersfield-town-southampton,premier-league,2018-19,18,2018-12-22,huddersfield-town,southampton,1,3
2018-12-22-west-ham-united-watford,premier-league,2018-19,18,2018-12-22,west-ham-united,watford,0,2
2018-12-22-bournemouth-brighton-and-hove-albion,premier-league,2018-19,18,2018-12-22,bournemouth,brighton-and-hove-albion,2,0
2018-12-22-cardiff-city-manchester-united,premier-league,2018-19,18,2018-12-22,cardiff-city,manchester-united,1,5
2018-12-23-everton-tottenham-hotspur,premier-league,2018-19,18,2018-12-23,everton,tottenham-hotspur,2,6
2018-12-26-fulham-wolverhampton-wanderers,premier-league,2018-19,19,2018-12-26,fulham,wolverhampton-wanderers,1,1
2018-12-26-liverpool-newcastle-united,premier-league,2018-19,19,2018-12-26,liverpool,newcastle-united,4,0
2018-12-26-tottenham-hotspur-bournemouth,premier-league,2018-19,19,2018-12-26,tottenham-hotspur,bournemouth,5,0
2018-12-26-manchester-united-huddersfield-town,premier-league,2018-19,19,2018-12-26,manchester-united,huddersfield-town,3,1
2018-12-26-leicester-city-manchester-city,premier-league,2018-19,19,2018-12-26,leicester-city,manchester-city,2,1
2018-12-26-burnley-everton,premier-league,2018-19,19,2018-12-26,burnley,everton,1,5
2018-12-26-crystal-palace-cardiff-city,premier-league,2018-19,19,2018-12-26,crystal-palace,cardiff-city,0,0
2018-12-26-brighton-and-hove-albion-arsenal,premier-league,2018-19,19,2018-12-26,brighton-and-hove-albion,arsenal,1,1
2018-12-26-watford-chelsea,premier-league,2018-19,19,2018-12-26,watford,chelsea,1,2
2018-12-27-southampton-west-ham-united,premier-league,2018-19,19,2018-12-27,southampton,west-ham-united,1,2
2018-12-29-leicester-city-cardiff-city,premier-league,2018-19,20,2018-12-29,leicester-city,cardiff-city,0,1
2018-12-29-brighton-and-hove-albion-everton,premier-league,2018-19,20,2018-12-29,brighton-and-hove-albion,everton,1,0
2018-12-29-watford-newcastle-united,premier-league,2018-19,20,2018-12-29,watford,newcastle-united,1,1
2018-12-29-fulham-huddersfield-town,premier-league,2018-19,20,2018-12-29,fulham,huddersfield-town,1,0
2018-12-29-tottenham-hotspur-wolverhampton-wanderers,premier-league,2018-19,20,2018-12-29,tottenham-hotspur,wolverhampton-wanderers,1,3
2018-12-29-liverpool-arsenal,premier-league,2018-19,20,2018-12-29,liverpool,arsenal,5,1
2018-12-30-crystal-palace-chelsea,premier-league,2018-19,20,2018-12-30,crystal-palace,chelsea,0,1
2018-12-30-burnley-west-ham-united,premier-league,2018-19,20,2018-12-30,burnley,west-ham-united,2,0
2018-12-30-southampton-manchester-city,premier-league,2018-19,20,2018-12-30,southampton,manchester-city,1,3
2018-12-30-manchester-united-bournemouth,premier-league,2018-19,20,2018-12-30,manchester-united,bournemouth,4,1
2019-01-01-everton-leicester-city,premier-league,2018-19,21,2019-01-01,everton,leicester-city,0,1
2019-01-01-arsenal-fulham,premier-league,2018-19,21,2019-01-01,arsenal,fulham,4,1
2019-01-01-cardiff-city-tottenham-hotspur,premier-league,2018-19,21,2019-01-01,cardiff-city,tottenham-hotspur,0,3
2019-01-02-wolverhampton-wanderers-crystal-palace,premier-league,2018-19,21,2019-01-02,wolverhampton-wanderers,crystal-palace,0,2
2019-01-02-chelsea-southampton,premier-league,2018-19,21,2019-01-02,chelsea,southampton,0,0
2019-01-02-huddersfield-town-burnley,premier-league,2018-19,21,2019-01-02,huddersfield-town,burnley,1,2
2019-01-02-west-ham-united-brighton-and-hove-albion,premier-league,2018-19,21,2019-01-02,west-ham-united,brighton-and-hove-albion,2,2
2019-01-02-bournemouth-watford,premier-league,2018-19,21,2019-01-02,bournemouth,watford,3,3
2019-01-02-newcastle-united-manchester-united,premier-league,2018-19,21,2019-01-02,newcastle-united,manchester-united,0,2
2019-01-03-manchester-city-liverpool,premier-league,2018-19,21,2019-01-03,manchester-city,liverpool,2,1
2019-01-12-west-ham-united-arsenal,premier-league,2018-19,22,2019-01-12,west-ham-united,arsenal,1,0
2019-01-12-leicester-city-southampton,premier-league,2018-19,22,2019-01-12,leicester-city,southampton,1,2
2019-01-12-burnley-fulham,premier-league,2018-19,22,2019-01-12,burnley,fulham,2,1
2019-01-12-cardiff-city-huddersfield-town,premier-league,2018-19,22,2019-01-12,cardiff-city,huddersfield-town,0,0
2019-01-12-crystal-palace-watford,premier-league,2018-19,22,2019-01-12,crystal-palace,watford,1,2
2019-01-12-brighton-and-hove-albion-liverpool,premier-league,2018-19,22,2019-01-12,brighton-and-hove-albion,liverpool,0,1
2019-01-12-chelsea-newcastle-united,premier-league,2018-19,22,2019-01-12,chelsea,newcastle-united,2,1
2019-01-13-everton-bournemouth,premier-league,2018-19,22,2019-01-13,everton,bournemouth,2,0
2019-01-13-tottenham-hotspur-manchester-united,premier-league,2018-19,22,2019-01-13,tottenham-hotspur,manchester-united,0,1
2019-01-14-manchester-city-wolverhampton-wanderers,premier-league,2018-19,22,2019-01-14,manchester-city,wolverhampton-wanderers,3,0
2019-01-19-wolverhampton-wanderers-leicester-city,premier-league,2018-19,23,2019-01-19,wolverhampton-wanderers,leicester-city,4,3
2019-01-19-liverpool-crystal-palace,premier-league,2018-19,23,2019-01-19,liverpool,crystal-palace,4,3
2019-01-19-newcastle-united-cardiff-city,premier-league,2018-19,23,2019-01-19,newcastle-united,cardiff-city,3,0
2019-01-19-manchester-united-brighton-and-hove-albion,premier-league,2018-19,23,2019-01-19,manchester-united,brighton-and-hove-albion,2,1
2019-01-19-southampton-everton,premier-league,2018-19,23,2019-01-19,southampton,everton,2,1
2019-01-19-watford-burnley,premier-league,2018-19,23,2019-01-19,watford,burnley,0,0
2019-01-19-bournemouth-west-ham-united,premier-league,2018-19,23,2019-01-19,bournemouth,west-ham-united,2,0
2019-01-19-arsenal-chelsea,premier-league,2018-19,23,2019-01-19,arsenal,chelsea,2,0
2019-01-20-huddersfield-town-manchester-city,premier-league,2018-19,23,2019-01-20,huddersfield-town,manchester-city,0,3
2019-01-20-fulham-tottenham-hotspur,premier-league,2018-19,23,2019-01-20,fulham,tottenham-hotspur,1,2
2019-01-29-wolverhampton-wanderers-west-ham-united,premier-league,2018-19,24,2019-01-29,wolverhampton-wanderers,west-ham-united,3,0
2019-01-29-fulham-brighton-and-hove-albion,premier-league,2018-19,24,2019-01-29,fulham,brighton-and-hove-albion,4,2
2019-01-29-arsenal-cardiff-city,premier-league,2018-19,24,2019-01-29,arsenal,cardiff-city,2,1
2019-01-29-huddersfield-town-everton,premier-league,2018-19,24,2019-01-29,huddersfield-town,everton,0,1
2019-01-29-manchester-united-burnley,premier-league,2018-19,24,2019-01-29,manchester-united,burnley,2,2
2019-01-29-newcastle-united-manchester-city,premier-league,2018-19,24,2019-01-29,newcastle-united,manchester-city,2,1
2019-01-30-bournemouth-chelsea,premier-league,2018-19,24,2019-01-30,bournemouth,chelsea,4,0
2019-01-30-southampton-crystal-palace,premier-league,2018-19,24,2019-01-30,southampton,crystal-palace,1,1
2019-01-30-liverpool-leicester-city,premier-league,2018-19,24,2019-01-30,liverpool,leicester-city,1,1
2019-01-30-tottenham-hotspur-watford,premier-league,2018-19,24,2019-01-30,tottenham-hotspur,watford,2,1
2019-02-02-tottenham-hotspur-newcastle-united,premier-league,2018-19,25,2019-02-02,tottenham-hotspur,newcastle-united,1,0
2019-02-02-chelsea-huddersfield-town,premier-league,2018-19,25,2019-02-02,chelsea,huddersfield-town,5,0
2019-02-02-everton-wolverhampton-wanderers,premier-league,2018-19,25,2019-02-02,everton,wolverhampton-wanderers,1,3
2019-02-02-burnley-southampton,premier-league,2018-19,25,2019-02-02,burnley,southampton,1,1
2019-02-02-crystal-palace-fulham,premier-league,2018-19,25,2019-02-02,crystal-palace,fulham,2,0
2019-02-02-brighton-and-hove-albion-watford,premier-league,2018-19,25,2019-02-02,brighton-and-hove-albion,watford,0,0
2019-02-02-cardiff-city-bournemouth,premier-league,2018-19,25,2019-02-02,cardiff-city,bournemouth,2,0
2019-02-03-leicester-city-manchester-united,premier-league,2018-19,25,2019-02-03,leicester-city,manchester-united,0,1
2019-02-03-manchester-city-arsenal,premier-league,2018-19,25,2019-02-03,manchester-city,arsenal,3,1
2019-02-04-west-ham-united-liverpool,premier-league,2018-19,25,2019-02-04,west-ham-united,liverpool,1,1
2019-02-06-everton-manchester-city,premier-league,2018-19,27,2019-02-06,everton,manchester-city,0,2
2019-02-09-fulham-manchester-united,premier-league,2018-19,26,2019-02-09,fulham,manchester-united,0,3
2019-02-09-liverpool-bournemouth,premier-league,2018-19,26,2019-02-09,liverpool,bournemouth,3,0
2019-02-09-huddersfield-town-arsenal,premier-league,2018-19,26,2019-02-09,huddersfield-town,arsenal,1,2
2019-02-09-southampton-cardiff-city,premier-league,2018-19,26,2019-02-09,southampton,cardiff-city,1,2
2019-02-09-crystal-palace-west-ham-united,premier-league,2018-19,26,2019-02-09,crystal-palace,west-ham-united,1,1
2019-02-09-watford-everton,premier-league,2018-19,26,2019-02-09,watford,everton,1,0
2019-02-09-brighton-and-hove-albion-burnley,premier-league,2018-19,26,2019-02-09,brighton-and-hove-albion,burnley,1,3
2019-02-10-tottenham-hotspur-leicester-city,premier-league,2018-19,26,2019-02-10,tottenham-hotspur,leicester-city,3,1
2019-02-10-manchester-city-chelsea,premier-league,2018-19,26,2019-02-10,manchester-city,chelsea,6,0
2019-02-11-wolverhampton-wanderers-newcastle-united,premier-league,2018-19,26,2019-02-11,wolverhampton-wanderers,newcastle-united,1,1
2019-02-22-cardiff-city-watford,premier-league,2018-19,27,2019-02-22,cardiff-city,watford,1,5
2019-02-22-west-ham-united-fulham,premier-league,2018-19,27,2019-02-22,west-ham-united,fulham,3,1
2019-02-23-burnley-tottenham-hotspur,premier-league,2018-19,27,2019-02-23,burnley,tottenham-hotspur,2,1
2019-02-23-newcastle-united-huddersfield-town,premier-league,2018-19,27,2019-02-23,newcastle-united,huddersfield-town,2,0
2019-02-23-bournemouth-wolverhampton-wanderers,premier-league,2018-19,27,2019-02-23,bournemouth,wolverhampton-wanderers,1,1
2019-02-23-leicester-city-crystal-palace,premier-league,2018-19,27,2019-02-23,leicester-city,crystal-palace,1,4
2019-02-24-arsenal-southampton,premier-league,2018-19,27,2019-02-24,arsenal,southampton,2,0
2019-02-24-manchester-united-liverpool,premier-league,2018-19,27,2019-02-24,manchester-united,liverpool,0,0
2019-02-26-leicester-city-brighton-and-hove-albion,premier-league,2018-19,28,2019-02-26,leicester-city,brighton-and-hove-albion,2,1
2019-02-26-huddersfield-town-wolverhampton-wanderers,premier-league,2018-19,28,2019-02-26,huddersfield-town,wolverhampton-wanderers,1,0
2019-02-26-cardiff-city-everton,premier-league,2018-19,28,2019-02-26,cardiff-city,everton,0,3
2019-02-26-newcastle-united-burnley,premier-league,2018-19,28,2019-02-26,newcastle-united,burnley,2,0
2019-02-27-arsenal-bournemouth,premier-league,2018-19,28,2019-02-27,arsenal,bournemouth,5,1
2019-02-27-southampton-fulham,premier-league,2018-19,28,2019-02-27,southampton,fulham,2,0
2019-02-27-crystal-palace-manchester-united,premier-league,2018-19,28,2019-02-27,crystal-palace,manchester-united,1,3
2019-02-27-liverpool-watford,premier-league,2018-19,28,2019-02-27,liverpool,watford,5,0
2019-02-27-manchester-city-west-ham-united,premier-league,2018-19,28,2019-02-27,manchester-city,west-ham-united,1,0
2019-02-27-chelsea-tottenham-hotspur,premier-league,2018-19,28,2019-02-27,chelsea,tottenham-hotspur,2,0
2019-03-02-tottenham-hotspur-arsenal,premier-league,2018-19,29,2019-03-02,tottenham-hotspur,arsenal,1,1
2019-03-02-wolverhampton-wanderers-cardiff-city,premier-league,2018-19,29,2019-03-02,wolverhampton-wanderers,cardiff-city,2,0
2019-03-02-manchester-united-southampton,premier-league,2018-19,29,2019-03-02,manchester-united,southampton,3,2
2019-03-02-burnley-crystal-palace,premier-league,2018-19,29,2019-03-02,burnley,crystal-palace,1,3
2019-03-02-brighton-and-hove-albion-huddersfield-town,premier-league,2018-19,29,2019-03-02,brighton-and-hove-albion,huddersfield-town,1,0
2019-03-02-bournemouth-manchester-city,premier-league,2018-19,29,2019-03-02,bournemouth,manchester-city,0,1
2019-03-02-west-ham-united-newcastle-united,premier-league,2018-19,29,2019-03-02,west-ham-united,newcastle-united,2,0
2019-03-03-watford-leicester-city,premier-league,2018-19,29,2019-03-03,watford,leicester-city,2,1
2019-03-03-fulham-chelsea,premier-league,2018-19,29,2019-03-03,fulham,chelsea,1,2
2019-03-03-everton-liverpool,premier-league,2018-19,29,2019-03-03,everton,liverpool,0,0
2019-03-09-crystal-palace-brighton-and-hove-albion,premier-league,2018-19,30,2019-03-09,crystal-palace,brighton-and-hove-albion,1,2
2019-03-09-newcastle-united-everton,premier-league,2018-19,30,2019-03-09,newcastle-united,everton,3,2
2019-03-09-leicester-city-fulham,premier-league,2018-19,30,2019-03-09,leicester-city,fulham,3,1
2019-03-09-huddersfield-town-bournemouth,premier-league,2018-19,30,2019-03-09,huddersfield-town,bournemouth,0,2
2019-03-09-cardiff-city-west-ham-united,premier-league,2018-19,30,2019-03-09,cardiff-city,west-ham-united,2,0
2019-03-09-southampton-tottenham-hotspur,premier-league,2018-19,30,2019-03-09,southampton,tottenham-hotspur,2,1
2019-03-09-manchester-city-watford,premier-league,2018-19,30,2019-03-09,manchester-city,watford,3,1
2019-03-10-liverpool-burnley,premier-league,2018-19,30,2019-03-10,liverpool,burnley,4,2
2019-03-10-chelsea-wolverhampton-wanderers,premier-league,2018-19,30,2019-03-10,chelsea,wolverhampton-wanderers,1,1
2019-03-10-arsenal-manchester-united,premier-league,2018-19,30,2019-03-10,arsenal,manchester-united,2,0
2019-03-16-burnley-leicester-city,premier-league,2018-19,31,2019-03-16,burnley,leicester-city,1,2
2019-03-16-west-ham-united-huddersfield-town,premier-league,2018-19,31,2019-03-16,west-ham-united,huddersfield-town,4,3
2019-03-16-bournemouth-newcastle-united,premier-league,2018-19,31,2019-03-16,bournemouth,newcastle-united,2,2
2019-03-17-fulham-liverpool,premier-league,2018-19,31,2019-03-17,fulham,liverpool,1,2
2019-03-17-everton-chelsea,premier-league,2018-19,31,2019-03-17,everton,chelsea,2,0
2019-03-30-fulham-manchester-city,premier-league,2018-19,32,2019-03-30,fulham,manchester-city,0,2
2019-03-30-manchester-united-watford,premier-league,2018-19,32,2019-03-30,manchester-united,watford,2,1
2019-03-30-leicester-city-bournemouth,premier-league,2018-19,32,2019-03-30,leicester-city,bournemouth,2,0
2019-03-30-burnley-wolverhampton-wanderers,premier-league,2018-19,32,2019-03-30,burnley,wolverhampton-wanderers,2,0
2019-03-30-crystal-palace-huddersfield-town,premier-league,2018-19,32,2019-03-30,crystal-palace,huddersfield-town,2,0
2019-03-30-brighton-and-hove-albion-southampton,premier-league,2018-19,32,2019-03-30,brighton-and-hove-albion,southampton,0,1
2019-03-30-west-ham-united-everton,premier-league,2018-19,32,2019-03-30,west-ham-united,everton,0,2
2019-03-31-cardiff-city-chelsea,premier-league,2018-19,32,2019-03-31,cardiff-city,chelsea,1,2
2019-03-31-liverpool-tottenham-hotspur,premier-league,2018-19,32,2019-03-31,liverpool,tottenham-hotspur,2,1
2019-04-01-arsenal-newcastle-united,premier-league,2018-19,32,2019-04-01,arsenal,newcastle-united,2,0
2019-04-02-wolverhampton-wanderers-manchester-united,premier-league,2018-19,33,2019-04-02,wolverhampton-wanderers,manchester-united,2,1
2019-04-02-watford-fulham,premier-league,2018-19,33,2019-04-02,watford,fulham,4,1
2019-04-03-chelsea-brighton-and-hove-albion,premier-league,2018-19,27,2019-04-03,chelsea,brighton-and-hove-albion,3,0
2019-04-03-tottenham-hotspur-crystal-palace,premier-league,2018-19,31,2019-04-03,tottenham-hotspur,crystal-palace,2,0
2019-04-03-manchester-city-cardiff-city,premier-league,2018-19,33,2019-04-03,manchester-city,cardiff-city,2,0
2019-04-05-southampton-liverpool,premier-league,2018-19,33,2019-04-05,southampton,liverpool,1,3
2019-04-06-newcastle-united-crystal-palace,premier-league,2018-19,33,2019-04-06,newcastle-united,crystal-palace,0,1
2019-04-06-huddersfield-town-leicester-city,premier-league,2018-19,33,2019-04-06,huddersfield-town,leicester-city,1,4
2019-04-06-bournemouth-burnley,premier-league,2018-19,33,2019-04-06,bournemouth,burnley,1,3
2019-04-07-everton-arsenal,premier-league,2018-19,33,2019-04-07,everton,arsenal,1,0
2019-04-08-chelsea-west-ham-united,premier-league,2018-19,33,2019-04-08,chelsea,west-ham-united,2,0
2019-04-12-leicester-city-newcastle-united,premier-league,2018-19,34,2019-04-12,leicester-city,newcastle-united,0,1
2019-04-13-tottenham-hotspur-huddersfield-town,premier-league,2018-19,34,2019-04-13,tottenham-hotspur,huddersfield-town,4,0
2019-04-13-fulham-everton,premier-league,2018-19,34,2019-04-13,fulham,everton,2,0
2019-04-13-burnley-cardiff-city,premier-league,2018-19,34,2019-04-13,burnley,cardiff-city,2,0
2019-04-13-southampton-wolverhampton-wanderers,premier-league,2018-19,34,2019-04-13,southampton,wolverhampton-wanderers,3,1
2019-04-13-brighton-and-hove-albion-bournemouth,premier-league,2018-19,34,2019-04-13,brighton-and-hove-albion,bournemouth,0,5
2019-04-13-manchester-united-west-ham-united,premier-league,2018-19,34,2019-04-13,manchester-united,west-ham-united,2,1
2019-04-14-crystal-palace-manchester-city,premier-league,2018-19,34,2019-04-14,crystal-palace,manchester-city,1,3
2019-04-14-liverpool-chelsea,premier-league,2018-19,34,2019-04-14,liverpool,chelsea,2,0
2019-04-15-watford-arsenal,premier-league,2018-19,34,2019-04-15,watford,arsenal,0,1
2019-04-16-brighton-and-hove-albion-cardiff-city,premier-league,2018-19,31,2019-04-16,brighton-and-hove-albion,cardiff-city,0,2
2019-04-20-manchester-city-tottenham-hotspur,premier-league,2018-19,35,2019-04-20,manchester-city,tottenham-hotspur,1,0
2019-04-20-wolverhampton-wanderers-brighton-and-hove-albion,premier-league,2018-19,35,2019-04-20,wolverhampton-wanderers,brighton-and-hove-albion,0,0
2019-04-20-huddersfield-town-watford,premier-league,2018-19,35,2019-04-20,huddersfield-town,watford,1,2
2019-04-20-west-ham-united-leicester-city,premier-league,2018-19,35,2019-04-20,west-ham-united,leicester-city,2,2
2019-04-20-bournemouth-fulham,premier-league,2018-19,35,2019-04-20,bournemouth,fulham,0,1
2019-04-20-newcastle-united-southampton,premier-league,2018-19,35,2019-04-20,newcastle-united,southampton,3,1
2019-04-21-everton-manchester-united,premier-league,2018-19,35,2019-04-21,everton,manchester-united,4,0
2019-04-21-arsenal-crystal-palace,premier-league,2018-19,35,2019-04-21,arsenal,crystal-palace,2,3
2019-04-21-cardiff-city-liverpool,premier-league,2018-19,35,2019-04-21,cardiff-city,liverpool,0,2
2019-04-22-chelsea-burnley,premier-league,2018-19,35,2019-04-22,chelsea,burnley,2,2
2019-04-23-watford-southampton,premier-league,2018-19,31,2019-04-23,watford,southampton,1,1
2019-04-23-tottenham-hotspur-brighton-and-hove-albion,premier-league,2018-19,33,2019-04-23,tottenham-hotspur,brighton-and-hove-albion,1,0
2019-04-24-wolverhampton-wanderers-arsenal,premier-league,2018-19,31,2019-04-24,wolverhampton-wanderers,arsenal,3,1
2019-04-24-manchester-united-manchester-city,premier-league,2018-19,31,2019-04-24,manchester-united,manchester-city,0,2
2019-04-26-liverpool-huddersfield-town,premier-league,2018-19,36,2019-04-26,liverpool,huddersfield-town,5,0
2019-04-27-tottenham-hotspur-west-ham-united,premier-league,2018-19,36,2019-04-27,tottenham-hotspur,west-ham-united,0,1
2019-04-27-fulham-cardiff-city,premier-league,2018-19,36,2019-04-27,fulham,cardiff-city,1,0
2019-04-27-southampton-bournemouth,premier-league,2018-19,36,2019-04-27,southampton,bournemouth,3,3
2019-04-27-crystal-palace-everton,premier-league,2018-19,36,2019-04-27,crystal-palace,everton,0,0
2019-04-27-watford-wolverhampton-wanderers,premier-league,2018-19,36,2019-04-27,watford,wolverhampton-wanderers,1,2
2019-04-27-brighton-and-hove-albion-newcastle-united,premier-league,2018-19,36,2019-04-27,brighton-and-hove-albion,newcastle-united,1,1
2019-04-28-leicester-city-arsenal,premier-league,2018-19,36,2019-04-28,leicester-city,arsenal,3,0
2019-04-28-burnley-manchester-city,premier-league,2018-19,36,2019-04-28,burnley,manchester-city,0,1
2019-04-28-manchester-united-chelsea,premier-league,2018-19,36,2019-04-28,manchester-united,chelsea,1,1
2019-05-03-everton-burnley,premier-league,2018-19,37,2019-05-03,everton,burnley,2,0
2019-05-04-bournemouth-tottenham-hotspur,premier-league,2018-19,37,2019-05-04,bournemouth,tottenham-hotspur,1,0
2019-05-04-wolverhampton-wanderers-fulham,premier-league,2018-19,37,2019-05-04,wolverhampton-wanderers,fulham,1,0
2019-05-04-west-ham-united-southampton,premier-league,2018-19,37,2019-05-04,west-ham-united,southampton,3,0
2019-05-04-cardiff-city-crystal-palace,premier-league,2018-19,37,2019-05-04,cardiff-city,crystal-palace,2,3
2019-05-04-newcastle-united-liverpool,premier-league,2018-19,37,2019-05-04,newcastle-united,liverpool,2,3
2019-05-05-chelsea-watford,premier-league,2018-19,37,2019-05-05,chelsea,watford,3,0
2019-05-05-huddersfield-town-manchester-united,premier-league,2018-19,37,2019-05-05,huddersfield-town,manchester-united,1,1
2019-05-05-arsenal-brighton-and-hove-albion,premier-league,2018-19,37,2019-05-05,arsenal,brighton-and-hove-albion,1,1
2019-05-06-manchester-city-leicester-city,premier-league,2018-19,37,2019-05-06,manchester-city,leicester-city,1,0
2019-05-12-fulham-newcastle-united,premier-league,2018-19,38,2019-05-12,fulham,newcastle-united,0,4
2019-05-12-liverpool-wolverhampton-wanderers,premier-league,2018-19,38,2019-05-12,liverpool,wolverhampton-wanderers,2,0
2019-05-12-tottenham-hotspur-everton,premier-league,2018-19,38,2019-05-12,tottenham-hotspur,everton,2,2
2019-05-12-manchester-united-cardiff-city,premier-league,2018-19,38,2019-05-12,manchester-united,cardiff-city,0,2
2019-05-12-leicester-city-chelsea,premier-league,2018-19,38,2019-05-12,leicester-city,chelsea,0,0
2019-05-12-burnley-arsenal,premier-league,2018-19,38,2019-05-12,burnley,arsenal,1,3
2019-05-12-southampton-huddersfield-town,premier-league,2018-19,38,2019-05-12,southampton,huddersfield-town,1,1
2019-05-12-crystal-palace-bournemouth,premier-league,2018-19,38,2019-05-12,crystal-palace,bournemouth,5,3
2019-05-12-brighton-and-hove-albion-manchester-city,premier-league,2018-19,38,2019-05-12,brighton-and-hove-albion,manchester-city,1,4
2019-05-12-watford-west-ham-united,premier-league,2018-19,38,2019-05-12,watford,west-ham-united,1,4
