team_id,name
accrington-stanley,Accrington Stanley FC
afc-wimbledon,AFC Wimbledon
aldershot-town,Aldershot Town FC
alfreton-town,Alfreton Town FC
altrincham,Altrincham FC
arsenal,Arsenal FC
aston-villa,Aston Villa FC
barnet,Barnet FC
barnsley,Barnsley FC
barrow,Barrow AFC
billericay-town,Billericay Town FC
birmingham-city,Birmingham City FC
blackburn-rovers,Blackburn Rovers FC
blackpool,Blackpool FC
bolton-wanderers,Bolton Wanderers FC
boreham-wood,Boreham Wood FC
boston-united,Boston United FC
bournemouth,AFC Bournemouth
bradford-city,Bradford City AFC
braintree-town,Braintree Town FC
brentford,Brentford FC
brighton-and-hove-albion,Brighton & Hove Albion FC
bristol-city,Bristol City FC
bristol-rovers,Bristol Rovers FC
bromley,Bromley FC
burnley,Burnley FC
burton-albion,Burton Albion FC
bury,Bury FC
cambridge-united,Cambridge United FC
cardiff-city,Cardiff City FC
carlisle-united,Carlisle United FC
carshalton-athletic,Carshalton Athletic FC
charlton-athletic,Charlton Athletic FC
chelsea,Chelsea FC
cheltenham-town,Cheltenham Town FC
chester,Chester FC
chesterfield,Chesterfield FC
chichester-city,Chichester City FC
chippenham-town,Chippenham Town FC
chorley,Chorley FC
colchester-united,Colchester United FC
coventry-city,Coventry City FC
crawley-town,Crawley Town FC
crewe-alexandra,Crewe Alexandra FC
crystal-palace,Crystal Palace FC
dagenham-and-redbridge,Dagenham & Redbridge FC
darlington,Darlington FC
derby-county,Derby County FC
doncaster-rovers,Doncaster Rovers FC
dover-athletic,Dover Athletic FC
dulwich-hamlet,Dulwich Hamlet FC
eastleigh,Eastleigh FC
ebbsfleet-united,Ebbsfleet United FC
everton,Everton FC
exeter-city,Exeter City FC
fleetwood-town,Fleetwood Town FC
forest-green-rovers,Forest Green Rovers FC
fulham,Fulham FC
fylde,AFC Fylde
gateshead,Gateshead FC
gillingham,Gillingham FC
grimsby-town,Grimsby Town FC
guiseley,Guiseley AFC
halifax-town,FC Halifax Town
hampton-and-richmond-borough,Hampton & Richmond Borough FC
haringey-borough,Haringey Borough FC
harrogate-town,Harrogate Town AFC
hartlepool-united,Hartlepool United FC
havant-and-waterlooville,Havant & Waterlooville FC
hayes-and-yeading-united,Hayes & Yeading United FC
hereford,Hereford FC
hitchin-town,Hitchin Town FC
huddersfield-town,Huddersfield Town AFC
hull-city,Hull City AFC
ipswich-town,Ipswich Town FC
kidderminster-harriers,Kidderminster Harriers FC
king-s-lynn,King's Lynn FC
kingstonian,Kingstonian FC
leeds-united,Leeds United FC
leicester-city,Leicester City FC
leyton-orient,Leyton Orient FC
lincoln-city,Lincoln City FC
liverpool,Liverpool FC
luton-town,Luton Town FC
macclesfield-town,Macclesfield Town FC
maidenhead-united,Maidenhead United FC
maidstone-united,Maidstone United FC
maldon-and-tiptree,Maldon & Tiptree FC
manchester-city,Manchester City FC
manchester-united,Manchester United FC
mansfield-town,Mansfield Town FC
metropolitan-police,Metropolitan Police FC
middlesbrough,Middlesbrough FC
millwall,Millwall FC
milton-keynes-dons,Milton Keynes Dons FC
morecambe,Morecambe FC
nantwich-town,Nantwich Town FC
newcastle-united,Newcastle United FC
newport-county,Newport County AFC
northampton-town,Northampton Town FC
norwich-city,Norwich City FC
nottingham-forest,Nottingham Forest FC
notts-county,Notts County FC
oldham-athletic,Oldham Athletic AFC
oxford-city,Oxford City FC
oxford-united,Oxford United FC
peterborough-united,Peterborough United FC
plymouth-argyle,Plymouth Argyle FC
port-vale,Port Vale FC
portsmouth,Portsmouth FC
preston-north-end,Preston North End FC
queens-park-rangers,Queens Park Rangers FC
reading,Reading FC
rochdale,Rochdale AFC
rotherham-united,Rotherham United FC
rushden-and-diamonds,Rushden & Diamonds
salford-city,Salford City FC
scarborough,Scarborough FC
scunthorpe-united,Scunthorpe United FC
sheffield-united,Sheffield United FC
sheffield-wednesday,Sheffield Wednesday FC
shrewsbury-town,Shrewsbury Town FC
slough-town,Slough Town FC
solihull-moors,Solihull Moors FC
southampton,Southampton FC
southend-united,Southend United FC
southport,Southport FC
stevenage,Stevenage FC
stockport-county,Stockport County FC
stoke-city,Stoke City FC
stourbridge,Stourbridge FC
sunderland,Sunderland AFC
sutton-united,Sutton United FC
swansea-city,Swansea City FC
swindon-town,Swindon Town FC
torquay-united,Torquay United FC
tottenham-hotspur,Tottenham Hotspur FC
tranmere-rovers,Tranmere Rovers FC
walsall,Walsall FC
watford,Watford FC
wealdstone,Wealdstone FC
west-bromwich-albion,West Bromwich Albion FC
west-ham-united,West Ham United FC
weston-super-mare,Weston-super-Mare AFC
weymouth,Weymouth FC
wigan-athletic,Wigan Athletic FC
wimbledon,Wimbledon FC
woking,Woking FC
wolverhampton-wanderers,Wolverhampton Wanderers FC
wrexham,Wrexham AFC
wycombe-wanderers,Wycombe Wanderers FC
yeovil-town,Yeovil Town FC
york-city,York City FC
