entity_type,entity_id,wikidata_uri,dbpedia_uri,status,verified_on,evidence
team,arsenal,http://www.wikidata.org/entity/Q9617,http://dbpedia.org/resource/Arsenal_F.C.,verified,2026-10-03,data/links/evidence/arsenal.json
team,aston-villa,http://www.wikidata.org/entity/Q18711,http://dbpedia.org/resource/Aston_Villa_F.C.,verified,2026-10-03,data/links/evidence/aston-villa.json
team,blackburn-rovers,http://www.wikidata.org/entity/Q19446,http://dbpedia.org/resource/Blackburn_Rovers_F.C.,verified,2026-10-03,data/links/evidence/blackburn-rovers.json
team,bolton-wanderers,http://www.wikidata.org/entity/Q19451,http://dbpedia.org/resource/Bolton_Wanderers_F.C.,verified,2026-10-03,data/links/evidence/bolton-wanderers.json
team,bournemouth,http://www.wikidata.org/entity/Q19568,http://dbpedia.org/resource/AFC_Bournemouth,verified,2026-10-03,data/links/evidence/bournemouth.json
team,brighton-and-hove-albion,http://www.wikidata.org/entity/Q19453,http://dbpedia.org/resource/Brighton_&_Hove_Albion_F.C.,verified,2026-10-03,data/links/evidence/brighton-and-hove-albion.json
team,burnley,http://www.wikidata.org/entity/Q19458,http://dbpedia.org/resource/Burnley_F.C.,verified,2026-10-03,data/links/evidence/burnley.json
team,cardiff-city,http://www.wikidata.org/entity/Q18662,http://dbpedia.org/resource/Cardiff_City_F.C.,verified,2026-10-03,data/links/evidence/cardiff-city.json
team,chelsea,http://www.wikidata.org/entity/Q9616,http://dbpedia.org/resource/Chelsea_F.C.,verified,2026-10-03,data/links/evidence/chelsea.json
team,crystal-palace,http://www.wikidata.org/entity/Q19467,http://dbpedia.org/resource/Crystal_Palace_F.C.,verified,2026-10-03,data/links/evidence/crystal-palace.json
team,everton,http://www.wikidata.org/entity/Q5794,http://dbpedia.org/resource/Everton_F.C.,verified,2026-10-03,data/links/evidence/everton.json
team,fulham,http://www.wikidata.org/entity/Q18708,http://dbpedia.org/resource/Fulham_F.C.,verified,2026-10-03,data/links/evidence/fulham.json
team,huddersfield-town,http://www.wikidata.org/entity/Q19473,http://dbpedia.org/resource/Huddersfield_Town_A.F.C.,verified,2026-10-03,data/links/evidence/huddersfield-town.json
team,hull-city,http://www.wikidata.org/entity/Q19477,http://dbpedia.org/resource/Hull_City_A.F.C.,verified,2026-10-03,data/links/evidence/hull-city.json
team,leeds-united,http://www.wikidata.org/entity/Q1128631,http://dbpedia.org/resource/Leeds_United_F.C.,verified,2026-10-03,data/links/evidence/leeds-united.json
team,leicester-city,http://www.wikidata.org/entity/Q19481,http://dbpedia.org/resource/Leicester_City_F.C.,verified,2026-10-03,data/links/evidence/leicester-city.json
team,liverpool,http://www.wikidata.org/entity/Q1130849,http://dbpedia.org/resource/Liverpool_F.C.,verified,2026-10-03,data/links/evidence/liverpool.json
team,manchester-city,http://www.wikidata.org/entity/Q50602,http://dbpedia.org/resource/Manchester_City_F.C.,verified,2026-10-03,data/links/evidence/manchester-city.json
team,manchester-united,http://www.wikidata.org/entity/Q18656,http://dbpedia.org/resource/Manchester_United_F.C.,verified,2026-10-03,data/links/evidence/manchester-united.json
team,middlesbrough,http://www.wikidata.org/entity/Q18661,http://dbpedia.org/resource/Middlesbrough_F.C.,verified,2026-10-03,data/links/evidence/middlesbrough.json
team,newcastle-united,http://www.wikidata.org/entity/Q18716,http://dbpedia.org/resource/Newcastle_United_F.C.,verified,2026-10-03,data/links/evidence/newcastle-united.json
team,norwich-city,http://www.wikidata.org/entity/Q18721,http://dbpedia.org/resource/Norwich_City_F.C.,verified,2026-10-03,data/links/evidence/norwich-city.json
team,queens-park-rangers,http://www.wikidata.org/entity/Q18723,http://dbpedia.org/resource/Queens_Park_Rangers_F.C.,verified,2026-10-03,data/links/evidence/queens-park-rangers.json
team,reading,http://www.wikidata.org/entity/Q18729,http://dbpedia.org/resource/Reading_F.C.,verified,2026-10-03,data/links/evidence/reading.json
team,sheffield-united,http://www.wikidata.org/entity/Q19607,http://dbpedia.org/resource/Sheffield_United_F.C.,verified,2026-10-03,data/links/evidence/sheffield-united.json
team,southampton,http://www.wikidata.org/entity/Q18732,http://dbpedia.org/resource/Southampton_F.C.,verified,2026-10-03,data/links/evidence/southampton.json
team,stoke-city,http://www.wikidata.org/entity/Q18736,http://dbpedia.org/resource/Stoke_City_F.C.,verified,2026-10-03,data/links/evidence/stoke-city.json
team,sunderland,http://www.wikidata.org/entity/Q18739,http://dbpedia.org/resource/Sunderland_A.F.C.,verified,2026-10-03,data/links/evidence/sunderland.json
team,swansea-city,http://www.wikidata.org/entity/Q18659,http://dbpedia.org/resource/Swansea_City_A.F.C.,verified,2026-10-03,data/links/evidence/swansea-city.json
team,tottenham-hotspur,http://www.wikidata.org/entity/Q18741,http://dbpedia.org/resource/Tottenham_Hotspur_F.C.,verified,2026-10-03,data/links/evidence/tottenham-hotspur.json
team,watford,http://www.wikidata.org/entity/Q2714,http://dbpedia.org/resource/Watford_F.C.,verified,2026-10-03,data/links/evidence/watford.json
team,west-bromwich-albion,http://www.wikidata.org/entity/Q18744,http://dbpedia.org/resource/West_Bromwich_Albion_F.C.,verified,2026-10-03,data/links/evidence/west-bromwich-albion.json
team,west-ham-united,http://www.wikidata.org/entity/Q18747,http://dbpedia.org/resource/West_Ham_United_F.C.,verified,2026-10-03,data/links/evidence/west-ham-united.json
team,wigan-athletic,http://www.wikidata.org/entity/Q18750,http://dbpedia.org/resource/Wigan_Athletic_F.C.,verified,2026-10-03,data/links/evidence/wigan-athletic.json
team,wolverhampton-wanderers,http://www.wikidata.org/entity/Q19500,http://dbpedia.org/resource/Wolverhampton_Wanderers_F.C.,verified,2026-10-03,data/links/evidence/wolverhampton-wanderers.json
competition,premier-league,http://www.wikidata.org/entity/Q9448,http://dbpedia.org/resource/Premier_League,verified,2026-10-03,data/links/evidence/premier-league.json
