team_id,name,wikidata,wikidata_label,dbpedia
accrington-stanley,Accrington Stanley FC,Q48843,Accrington Stanley F.C.,Accrington_Stanley_F.C.
afc-wimbledon,AFC Wimbledon,Q48851,AFC Wimbledon,AFC_Wimbledon
aldershot-town,Aldershot Town FC,Q48862,Aldershot Town F.C.,Aldershot_Town_F.C.
alfreton-town,Alfreton Town FC,Q18506,Alfreton Town F.C.,Alfreton_Town_F.C.
altrincham,Altrincham FC,Q18660,Altrincham F.C.,Altrincham_F.C.
arsenal,Arsenal FC,Q9617,Arsenal F.C.,Arsenal_F.C.
aston-villa,Aston Villa FC,Q18711,Aston Villa F.C.,Aston_Villa_F.C.
barnet,Barnet FC,Q9408,Barnet F.C.,Barnet_F.C.
barnsley,Barnsley FC,Q19442,Barnsley F.C.,Barnsley_F.C.
barrow,Barrow AFC,Q18507,Barrow A.F.C.,Barrow_A.F.C.
billericay-town,Billericay Town FC,Q4086727,Billericay Town F.C.,Billericay_Town_F.C.
birmingham-city,Birmingham City FC,Q19444,Birmingham City F.C.,Birmingham_City_F.C.
blackburn-rovers,Blackburn Rovers FC,Q19446,Blackburn Rovers F.C.,Blackburn_Rovers_F.C.
blackpool,Blackpool FC,Q19449,Blackpool F.C.,Blackpool_F.C.
bolton-wanderers,Bolton Wanderers FC,Q19451,Bolton Wanderers F.C.,Bolton_Wanderers_F.C.
boreham-wood,Boreham Wood FC,Q4094837,Boreham Wood F.C.,Boreham_Wood_F.C.
boston-united,Boston United FC,Q894605,Boston United F.C.,Boston_United_F.C.
bournemouth,AFC Bournemouth,Q19568,AFC Bournemouth,AFC_Bournemouth
bradford-city,Bradford City AFC,Q48879,Bradford City A.F.C.,Bradford_City_A.F.C.
braintree-town,Braintree Town FC,Q18508,Braintree Town F.C.,Braintree_Town_F.C.
brentford,Brentford FC,Q19571,Brentford F.C.,Brentford_F.C.
brighton-and-hove-albion,Brighton & Hove Albion FC,Q19453,Brighton & Hove Albion F.C.,Brighton_&_Hove_Albion_F.C.
bristol-city,Bristol City FC,Q19456,Bristol City F.C.,Bristol_City_F.C.
bristol-rovers,Bristol Rovers FC,Q48925,Bristol Rovers F.C.,Bristol_Rovers_F.C.
bromley,Bromley FC,Q1584552,Bromley F.C.,Bromley_F.C.
burnley,Burnley FC,Q19458,Burnley F.C.,Burnley_F.C.
burton-albion,Burton Albion FC,Q48929,Burton Albion F.C.,Burton_Albion_F.C.
bury,Bury FC,Q19573,Bury F.C.,Bury_F.C.
cambridge-united,Cambridge United FC,Q18509,Cambridge United F.C.,Cambridge_United_F.C.
cardiff-city,Cardiff City FC,Q18662,Cardiff City F.C.,Cardiff_City_F.C.
carlisle-united,Carlisle United FC,Q19575,Carlisle United F.C.,Carlisle_United_F.C.
carshalton-athletic,Carshalton Athletic FC,Q3657748,Carshalton Athletic F.C.,Carshalton_Athletic_F.C.
charlton-athletic,Charlton Athletic FC,Q19462,Charlton Athletic F.C.,Charlton_Athletic_F.C.
chelsea,Chelsea FC,Q9616,Chelsea F.C.,Chelsea_F.C.
cheltenham-town,Cheltenham Town FC,Q48932,Cheltenham Town F.C.,Cheltenham_Town_F.C.
chester,Chester FC,Q2041933,Chester F.C.,Chester_F.C.
chesterfield,Chesterfield FC,Q48935,Chesterfield F.C.,Chesterfield_F.C.
chichester-city,Chichester City FC,Q5095988,Chichester City F.C.,Chichester_City_F.C.
chippenham-town,Chippenham Town FC,Q5101644,Chippenham Town F.C.,Chippenham_Town_F.C.
chorley,Chorley FC,Q18287,Chorley F.C.,Chorley_F.C.
colchester-united,Colchester United FC,Q19578,Colchester United F.C.,Colchester_United_F.C.
coventry-city,Coventry City FC,Q19580,Coventry City F.C.,Coventry_City_F.C.
crawley-town,Crawley Town FC,Q19584,Crawley Town F.C.,Crawley_Town_F.C.
crewe-alexandra,Crewe Alexandra FC,Q19587,Crewe Alexandra F.C.,Crewe_Alexandra_F.C.
crystal-palace,Crystal Palace FC,Q19467,Crystal Palace F.C.,Crystal_Palace_F.C.
dagenham-and-redbridge,Dagenham & Redbridge FC,Q48938,Dagenham & Redbridge F.C.,Dagenham_&_Redbridge_F.C.
darlington,Darlington FC,Q909189,Darlington F.C.,Darlington_F.C.
derby-county,Derby County FC,Q19470,Derby County F.C.,Derby_County_F.C.
doncaster-rovers,Doncaster Rovers FC,Q19589,Doncaster Rovers F.C.,Doncaster_Rovers_F.C.
dover-athletic,Dover Athletic FC,Q2658370,Dover Athletic F.C.,Dover_Athletic_F.C.
dulwich-hamlet,Dulwich Hamlet FC,Q5313546,Dulwich Hamlet F.C.,Dulwich_Hamlet_F.C.
eastleigh,Eastleigh FC,Q2303493,Eastleigh F.C.,Eastleigh_F.C.
ebbsfleet-united,Ebbsfleet United FC,Q18511,Ebbsfleet United F.C.,Ebbsfleet_United_F.C.
everton,Everton FC,Q5794,Everton F.C.,Everton_F.C.
exeter-city,Exeter City FC,Q48939,Exeter City F.C.,Exeter_City_F.C.
fleetwood-town,Fleetwood Town FC,Q48941,Fleetwood Town F.C.,Fleetwood_Town_F.C.
forest-green-rovers,Forest Green Rovers FC,Q18512,Forest Green Rovers F.C.,Forest_Green_Rovers_F.C.
fulham,Fulham FC,Q18708,Fulham F.C.,Fulham_F.C.
fylde,AFC Fylde,Q18280,AFC Fylde,AFC_Fylde
gateshead,Gateshead FC,Q18513,Gateshead F.C.,Gateshead_F.C.
gillingham,Gillingham FC,Q48943,Gillingham F.C.,Gillingham_F.C.
grimsby-town,Grimsby Town FC,Q18515,Grimsby Town F.C.,Grimsby_Town_F.C.
guiseley,Guiseley AFC,Q4132020,Guiseley A.F.C.,Guiseley_A.F.C.
halifax-town,FC Halifax Town,Q5214935,FC Halifax Town,FC_Halifax_Town
hampton-and-richmond-borough,Hampton & Richmond Borough FC,Q2307965,Hampton & Richmond Borough F.C.,Hampton_&_Richmond_Borough_F.C.
haringey-borough,Haringey Borough FC,Q6417465,Haringey Borough F.C.,Haringey_Borough_F.C.
harrogate-town,Harrogate Town AFC,Q2219286,Harrogate Town A.F.C.,Harrogate_Town_A.F.C.
hartlepool-united,Hartlepool United FC,Q19592,Hartlepool United F.C.,Hartlepool_United_F.C.
havant-and-waterlooville,Havant & Waterlooville FC,Q2028870,Havant & Waterlooville F.C.,Havant_&_Waterlooville_F.C.
hayes-and-yeading-united,Hayes & Yeading United FC,Q1591915,Hayes & Yeading United F.C.,Hayes_&_Yeading_United_F.C.
hereford,Hereford FC,Q18711379,Hereford F.C.,Hereford_F.C.
hitchin-town,Hitchin Town FC,Q5871864,Hitchin Town F.C.,Hitchin_Town_F.C.
huddersfield-town,Huddersfield Town AFC,Q19473,Huddersfield Town A.F.C.,Huddersfield_Town_A.F.C.
hull-city,Hull City AFC,Q19477,Hull City A.F.C.,Hull_City_A.F.C.
ipswich-town,Ipswich Town FC,Q9653,Ipswich Town F.C.,Ipswich_Town_F.C.
kidderminster-harriers,Kidderminster Harriers FC,Q18518,Kidderminster Harriers F.C.,Kidderminster_Harriers_F.C.
king-s-lynn,King's Lynn FC,Q2494190,King's Lynn F.C.,King's_Lynn_F.C.
kingstonian,Kingstonian FC,Q1988619,Kingstonian F.C.,Kingstonian_F.C.
leeds-united,Leeds United FC,Q1128631,Leeds United F.C.,Leeds_United_F.C.
leicester-city,Leicester City FC,Q19481,Leicester City F.C.,Leicester_City_F.C.
leyton-orient,Leyton Orient FC,Q19595,Leyton Orient F.C.,Leyton_Orient_F.C.
lincoln-city,Lincoln City FC,Q18519,Lincoln City F.C.,Lincoln_City_F.C.
liverpool,Liverpool FC,Q1130849,Liverpool F.C.,Liverpool_F.C.
luton-town,Luton Town FC,Q18520,Luton Town F.C.,Luton_Town_F.C.
macclesfield-town,Macclesfield Town FC,Q18521,Macclesfield Town F.C.,Macclesfield_Town_F.C.
maidenhead-united,Maidenhead United FC,Q1131109,Maidenhead United F.C.,Maidenhead_United_F.C.
maidstone-united,Maidstone United FC,Q1764590,Maidstone United F.C.,Maidstone_United_F.C.
maldon-and-tiptree,Maldon & Tiptree FC,Q5212954,Maldon & Tiptree football club,Maldon_&_Tiptree_F.C.
manchester-city,Manchester City FC,Q50602,Manchester City F.C.,Manchester_City_F.C.
manchester-united,Manchester United FC,Q18656,Manchester United F.C.,Manchester_United_F.C.
mansfield-town,Mansfield Town FC,Q18522,Mansfield Town F.C.,Mansfield_Town_F.C.
metropolitan-police,Metropolitan Police FC,Q6400810,Metropolitan Police F.C.,Metropolitan_Police_F.C.
middlesbrough,Middlesbrough FC,Q18661,Middlesbrough F.C.,Middlesbrough_F.C.
millwall,Millwall FC,Q19487,Millwall F.C.,Millwall_F.C.
milton-keynes-dons,Milton Keynes Dons FC,Q248188,Milton Keynes Dons F.C.,Milton_Keynes_Dons_F.C.
morecambe,Morecambe FC,Q48944,Morecambe F.C.,Morecambe_F.C.
nantwich-town,Nantwich Town FC,Q18300,Nantwich Town F.C.,Nantwich_Town_F.C.
newcastle-united,Newcastle United FC,Q18716,Newcastle United F.C.,Newcastle_United_F.C.
newport-county,Newport County AFC,Q18523,Newport County A.F.C.,Newport_County_A.F.C.
northampton-town,Northampton Town FC,Q48945,Northampton Town F.C.,Northampton_Town_F.C.
norwich-city,Norwich City FC,Q18721,Norwich City F.C.,Norwich_City_F.C.
nottingham-forest,Nottingham Forest FC,Q19490,Nottingham Forest F.C.,Nottingham_Forest_F.C.
notts-county,Notts County FC,Q19598,Notts County F.C.,Notts_County_F.C.
oldham-athletic,Oldham Athletic AFC,Q19601,Oldham Athletic A.F.C.,Oldham_Athletic_A.F.C.
oxford-city,Oxford City FC,Q5213276,Oxford City F.C.,Oxford_City_F.C.
oxford-united,Oxford United FC,Q48946,Oxford United F.C.,Oxford_United_F.C.
peterborough-united,Peterborough United FC,Q19495,Peterborough United F.C.,Peterborough_United_F.C.
plymouth-argyle,Plymouth Argyle FC,Q48947,Plymouth Argyle F.C.,Plymouth_Argyle_F.C.
port-vale,Port Vale FC,Q48948,Port Vale F.C.,Port_Vale_F.C.
portsmouth,Portsmouth FC,Q19604,Portsmouth F.C.,Portsmouth_F.C.
preston-north-end,Preston North End FC,Q19612,Preston North End F.C.,Preston_North_End_F.C.
queens-park-rangers,Queens Park Rangers FC,Q18723,Queens Park Rangers F.C.,Queens_Park_Rangers_F.C.
reading,Reading FC,Q18729,Reading F.C.,Reading_F.C.
rochdale,Rochdale AFC,Q48949,Rochdale A.F.C.,Rochdale_A.F.C.
rotherham-united,Rotherham United FC,Q48950,Rotherham United F.C.,Rotherham_United_F.C.
rushden-and-diamonds,Rushden & Diamonds,Q1138515,Rushden & Diamonds F.C.,Rushden_&_Diamonds_F.C.
salford-city,Salford City FC,Q18460,Salford City F.C.,Salford_City_F.C.
scarborough,Scarborough FC,Q1237961,Scarborough F.C.,Scarborough_F.C.
scunthorpe-united,Scunthorpe United FC,Q19615,Scunthorpe United F.C.,Scunthorpe_United_F.C.
sheffield-united,Sheffield United FC,Q19607,Sheffield United F.C.,Sheffield_United_F.C.
sheffield-wednesday,Sheffield Wednesday FC,Q19498,Sheffield Wednesday F.C.,Sheffield_Wednesday_F.C.
shrewsbury-town,Shrewsbury Town FC,Q19626,Shrewsbury Town F.C.,Shrewsbury_Town_F.C.
slough-town,Slough Town FC,Q2306118,Slough Town F.C.,Slough_Town_F.C.
solihull-moors,Solihull Moors FC,Q2975959,Solihull Moors F.C.,Solihull_Moors_F.C.
southampton,Southampton FC,Q18732,Southampton F.C.,Southampton_F.C.
southend-united,Southend United FC,Q48951,Southend United F.C.,Southend_United_F.C.
southport,Southport FC,Q18525,Southport F.C.,Southport_F.C.
stevenage,Stevenage FC,Q9426,Stevenage F.C.,Stevenage_F.C.
stockport-county,Stockport County FC,Q18526,Stockport County F.C.,Stockport_County_F.C.
stoke-city,Stoke City FC,Q18736,Stoke City F.C.,Stoke_City_F.C.
stourbridge,Stourbridge FC,Q4383877,Stourbridge F.C.,Stourbridge_F.C.
sunderland,Sunderland AFC,Q18739,Sunderland A.F.C.,Sunderland_A.F.C.
sutton-united,Sutton United FC,Q2454929,Sutton United F.C.,Sutton_United_F.C.
swansea-city,Swansea City FC,Q18659,Swansea City A.F.C.,Swansea_City_A.F.C.
swindon-town,Swindon Town FC,Q19634,Swindon Town F.C.,Swindon_Town_F.C.
torquay-united,Torquay United FC,Q47965,Torquay United F.C.,Torquay_United_F.C.
tottenham-hotspur,Tottenham Hotspur FC,Q18741,Tottenham Hotspur F.C.,Tottenham_Hotspur_F.C.
tranmere-rovers,Tranmere Rovers FC,Q19637,Tranmere Rovers F.C.,Tranmere_Rovers_F.C.
walsall,Walsall FC,Q19644,Walsall F.C.,Walsall_F.C.
watford,Watford FC,Q2714,Watford F.C.,Watford_F.C.
wealdstone,Wealdstone FC,Q9437,Wealdstone F.C.,Wealdstone_F.C.
west-bromwich-albion,West Bromwich Albion FC,Q18744,West Bromwich Albion F.C.,West_Bromwich_Albion_F.C.
west-ham-united,West Ham United FC,Q18747,West Ham United F.C.,West_Ham_United_F.C.
weston-super-mare,Weston-super-Mare AFC,Q2343389,Weston-super-Mare A.F.C.,Weston-super-Mare_A.F.C.
weymouth,Weymouth FC,Q599356,Weymouth F.C.,Weymouth_F.C.
wigan-athletic,Wigan Athletic FC,Q18750,Wigan Athletic F.C.,Wigan_Athletic_F.C.
wimbledon,Wimbledon FC,Q19482,Wimbledon F.C.,Wimbledon_F.C.
woking,Woking FC,Q18528,Woking F.C.,Woking_F.C.
wolverhampton-wanderers,Wolverhampton Wanderers FC,Q19500,Wolverhampton Wanderers F.C.,Wolverhampton_Wanderers_F.C.
wrexham,Wrexham AFC,Q18529,Wrexham A.F.C.,Wrexham_A.F.C.
wycombe-wanderers,Wycombe Wanderers FC,Q48953,Wycombe Wanderers F.C.,Wycombe_Wanderers_F.C.
yeovil-town,Yeovil Town FC,Q19651,Yeovil Town F.C.,Yeovil_Town_F.C.
york-city,York City FC,Q48954,York City F.C.,York_City_F.C.
