label,source_file,expected_matches,expected_teams
2011-12,england_csv/2010s/2011-12/eng.1.csv,380,20
2012-13,england_csv/2010s/2012-13/eng.1.csv,380,20
2013-14,england_csv/2010s/2013-14/eng.1.csv,380,20
2014-15,england_csv/2010s/2014-15/eng.1.csv,380,20
2015-16,england_csv/2010s/2015-16/eng.1.csv,380,20
2016-17,england_csv/2010s/2016-17/eng.1.csv,380,20
2017-18,england_csv/2010s/2017-18/eng.1.csv,380,20
2018-19,england_csv/2010s/2018-19/eng.1.csv,380,20
2019-20,england_csv/2010s/2019-20/eng.1.csv,380,20
2020-21,england_csv/2020s/2020-21/eng.1.csv,380,20
