source_name,team_id,name
AFC Bournemouth,bournemouth,AFC Bournemouth
Arsenal,arsenal,Arsenal FC
Arsenal FC,arsenal,Arsenal FC
Aston Villa,aston-villa,Aston Villa FC
Aston Villa FC,aston-villa,Aston Villa FC
Blackburn Rovers FC,blackburn-rovers,Blackburn Rovers FC
Bolton Wanderers FC,bolton-wanderers,Bolton Wanderers FC
Brighton,brighton-and-hove-albion,Brighton & Hove Albion FC
Brighton & Hove Albion FC,brighton-and-hove-albion,Brighton & Hove Albion FC
Burnley,burnley,Burnley FC
Burnley FC,burnley,Burnley FC
Cardiff City FC,cardiff-city,Cardiff City FC
Chelsea,chelsea,Chelsea FC
Chelsea FC,chelsea,Chelsea FC
Crystal Palace,crystal-palace,Crystal Palace FC
Crystal Palace FC,crystal-palace,Crystal Palace FC
Everton,everton,Everton FC
Everton FC,everton,Everton FC
Fulham,fulham,Fulham FC
Fulham FC,fulham,Fulham FC
Huddersfield Town AFC,huddersfield-town,Huddersfield Town AFC
Hull City AFC,hull-city,Hull City AFC
Leeds United,leeds-united,Leeds United FC
Leicester City,leicester-city,Leicester City FC
Leicester City FC,leicester-city,Leicester City FC
Liverpool,liverpool,Liverpool FC
Liverpool FC,liverpool,Liverpool FC
Manchester City,manchester-city,Manchester City FC
Manchester City FC,manchester-city,Manchester City FC
Manchester United FC,manchester-united,Manchester United FC
Manchester Utd,manchester-united,Manchester United FC
Middlesbrough FC,middlesbrough,Middlesbrough FC
Newcastle United FC,newcastle-united,Newcastle United FC
Newcastle Utd,newcastle-united,Newcastle United FC
Norwich City FC,norwich-city,Norwich City FC
Queens Park Rangers FC,queens-park-rangers,Queens Park Rangers FC
Reading FC,reading,Reading FC
Sheffield United FC,sheffield-united,Sheffield United FC
Sheffield Utd,sheffield-united,Sheffield United FC
Southampton,southampton,Southampton FC
Southampton FC,southampton,Southampton FC
Stoke City FC,stoke-city,Stoke City FC
Sunderland AFC,sunderland,Sunderland AFC
Swansea City FC,swansea-city,Swansea City FC
Tottenham,tottenham-hotspur,Tottenham Hotspur FC
Tottenham Hotspur FC,tottenham-hotspur,Tottenham Hotspur FC
Watford FC,watford,Watford FC
West Brom,west-bromwich-albion,West Bromwich Albion FC
West Bromwich Albion FC,west-bromwich-albion,West Bromwich Albion FC
West Ham,west-ham-united,West Ham United FC
West Ham United FC,west-ham-united,West Ham United FC
Wigan Athletic FC,wigan-athletic,Wigan Athletic FC
Wolverhampton Wanderers FC,wolverhampton-wanderers,Wolverhampton Wanderers FC
Wolves,wolverhampton-wanderers,Wolverhampton Wanderers FC
